{"last_tab":"0","theme":"Exo_Theme","page_loader":"0","page_loader_style":"infinity","page_loader_bg":{"color":"#ffffff","alpha":"1","rgba":"rgba(255,255,255,1)"},"page_loader_color":{"color":"#13151c","alpha":"1","rgba":"rgba(19,21,28,1)"},"page_loader_color2":{"color":"#13151c","alpha":"1","rgba":"rgba(19,21,28,1)"},"logo_page_loading":{"url":"http:\/\/demo.cmssuperheroes.com\/themeforest\/exo-theme\/wp-content\/uploads\/2015\/06\/logo-footer-black-large.png","id":"15144","height":"119","width":"161","thumbnail":"http:\/\/demo.cmssuperheroes.com\/themeforest\/exo-theme\/wp-content\/uploads\/2015\/06\/logo-footer-black-large-150x119.png"},"smooth_scroll":"0","dev_mode":"","favicon":{"url":"","id":"","height":"","width":"","thumbnail":""},"space_head":"","space_body":"","layout":"0","layout_width":"980px","content_boxed_color":"#ffffff","background-body":{"background-color":"#ffffff","background-repeat":"repeat","background-size":"","background-attachment":"","background-position":"","background-image":"","media":{"id":"","height":"","width":"","thumbnail":"http:\/\/demo.cmssuperheroes.com\/themeforest\/exo-theme\/wp-content\/uploads\/2015\/02\/polygon-150x150.jpg"}},"logo":{"url":"http:\/\/demo.cmssuperheroes.com\/themeforest\/exo-theme\/wp-content\/uploads\/2015\/06\/logo2new.png","id":"15023","height":"78","width":"440","thumbnail":"http:\/\/demo.cmssuperheroes.com\/themeforest\/exo-theme\/wp-content\/uploads\/2015\/06\/logo2new-150x78.png"},"logo_width":"40px","header_sticky_logo_max_height":"30px","margin_logo":"","padding_logo":"0px 0px 0px 10px","header_layout":"v1","cs-header-id":"","header_full_width":"1","header_fixed_top":"0","menu_position":"right","background-header":{"background-color":"#13151c","background-repeat":"","background-size":"","background-attachment":"","background-position":"","background-image":"","media":{"id":"","height":"","width":"","thumbnail":""}},"header_transparent":"1.0","header_bg_parallax":"0","header_border_style":"solid","header_border_color":"transparent","header_border_width":"0px 0px 1px 0px","header_margin":"","header_padding":"0","header_top_widgets":"0","header_top_widgets_columns":"2","header_top_widgets_1":"col-xs-12 col-sm-6 col-md-6 col-lg-6","header_top_widgets_2":"col-xs-12 col-sm-6 col-md-6 col-lg-6","header_top_widgets_3":"col-xs-12 col-sm-6 col-md-4 col-lg-4","header_top_bg_color":{"color":"","alpha":"","rgba":"0,0,0"},"header_top_headings_color":"","header_top_text_color":"","header_top_link_color":"","header_top_link_hover_color":"","header_top_padding":"","default_search_padding":"0px 10px 0px 10px","default_hidden_sidebar_padding":"0 5px 0 25px","header_sticky":"1","sticky_header_height":"60px","sticky_border_bottom_image":"1","border_bottom_image":{"url":"http:\/\/demo.cmssuperheroes.com\/themeforest\/exo-theme\/wp-content\/uploads\/2015\/06\/border-bottom-sticky.jpg","id":"3191","height":"3","width":"1346","thumbnail":"http:\/\/demo.cmssuperheroes.com\/themeforest\/exo-theme\/wp-content\/uploads\/2015\/06\/border-bottom-sticky-150x3.jpg"},"border_height_sticky":"3px","header_sticky_tablet":"0","header_sticky_mobile":"","nav_height":"100px","menu_first_level_text_uppecase":"1","menu_border_color":"#494c54","typography_11":{"font-family":"Lato","font-options":"","google":"1","font-backup":"","font-weight":"700","font-style":"","subsets":"","text-align":"","font-size":"","line-height":"","color":""},"typography_12":{"font-family":"Lato","font-options":"","google":"1","font-backup":"","font-weight":"700","font-style":"","subsets":"","text-align":"","font-size":"","line-height":"","color":""},"menu_bg_color":"transparent","menu_fontsize_first_level":"13px","menu_first_color":"#ffffff","menu_hover_first_color":"#00acc8","menu_active_first_color":"#ffffff","menu_bg_hover_color_first":{"color":"","alpha":"1.0","rgba":"rgba(0,0,0,1)"},"menu_bg_actived_color_first":{"color":"","alpha":"1.0","rgba":"rgba(0,0,0,1)"},"nav_padding_left":"25","nav_padding_top":"","nav_padding_right":"25","nav_padding_bottom":"","nav_margin":"0px","menu_sub_bg_color":"#13151c","menu_fontsize_sub_level":"13px","menu_sub_color":"#ffffff","menu_bg_hover_color":"#00acc8","menu_sub_hover_color":"#ffffff","menu_sub_active_color":"#ffffff","menu_sub_sep_color":"#22242b","mobile_menu_bg_color":"#ffffff","mobile_menu_first_color":"#666666","mobile_menu_hover_first_color":"#00acc8","mobile_menu_sub_color":"#666666","mobile_menu_sub_hover_color":"#00acc8","mobile_menu_sub_sep_color":"#dddddd","enable_hidden_sidebar":"1","hidden_sidebar_width":"330px","hidden_sidebar_icon":"fa fa-refresh","hidden_sidebar_text":"","hidden_sidebar_background_color":"#ef634c","hidden_sidebar_font_color":"#ffffff","footer_layout":"f1","footer_full_width":"0","footer_to_top":"1","footer_top_widgets":"1","footer_top_widgets_columns":"4","footer_top_widgets_1":"col-xs-12 col-sm-6 col-md-3 col-lg-3","footer_top_widgets_2":"col-xs-12 col-sm-6 col-md-3 col-lg-3","footer_top_widgets_3":"col-xs-12 col-sm-6 col-md-3 col-lg-3","footer_top_widgets_4":"col-xs-12 col-sm-6 col-md-3 col-lg-3","footer_headings_color":"#ffffff","footer_top_heading_font_size":"20px","footer_top_heading_uppercase":"1","footer_text_color":"#ffffff","footer_link_color":"#ffffff","footer_link_hover_color":"#36ccb2","footer_social_color":"#ffffff","footer_social_hover_color":"#36ccb2","footer_top_border_style":"","footer_top_border_color":"#444444","footer_top_border_width":"0px 1px 0px 0px","background-footer-top":{"background-color":"#13151c","background-repeat":"","background-size":"","background-attachment":"","background-position":"","background-image":"","media":{"id":"","height":"","width":"","thumbnail":""}},"footer_top_bg_parallax":"","footer_top_padding":"90px 0 70px 0","footer_top_margin":"0px","footer_border_img":"1","footer_border_img_select":{"url":"http:\/\/demo.cmssuperheroes.com\/themeforest\/exo-theme\/wp-content\/themes\/exo-theme\/images\/bg-line-footer.png","id":"","height":"","width":"","thumbnail":""},"footer_border_img_height":"5px","footer_border_color_arrow":"#ffffff","enable_curve_footer":"0","curve_footer_color":"#ffffff","curve_footer_height":"25px","footer_bottom_widgets":"1","footer_bottom_widgets_columns":"2","footer_bottom_widgets_1":"col-xs-12 col-sm-6 col-md-6 col-lg-6","footer_bottom_widgets_2":"col-xs-12 col-sm-6 col-md-6 col-lg-6","text_align_footer_bottom_widgets_1":"left","text_align_footer_bottom_widgets_2":"right","footer_bottom_bg_color":"#1e2129","footer_bottom_headings_color":"#222222","footer_bottom_text_color":"#62666f","footer_bottom_link_color":"#62666f","footer_bottom_link_hover_color":"#ffffff","footer_bottom_border_style":"","footer_bottom_border_color":"#e9e9e9","footer_bottom_border_width":"1px 0px 0px 0px","footer_bottom_padding":"40px 0","footer_bottom_margin":"","button_uppercase":"1","button_padding_top":"8px","button_padding_right":"8px","button_padding_bottom":"8px","button_padding_left":"8px","button_margin":"20px 0px","button_font_size":"14px","button_border_style":"solid","button_border_color":"#ffffff","button_border_color_hover":"#ffffff","button_border_width":"1px 1px 1px 1px","button_border_top":"1","button_border_right":"1","button_border_bottom":"1","button_border_left":"1","button_border_radius":"0px","button_gradient_text_color":"#ffffff","button_gradient_text_color_hover":"#13151c","button_gradient_top_color":{"color":"#36ccb2","alpha":"0.00","rgba":"rgba(54,204,178,0)"},"button_gradient_top_color_hover":{"color":"#ffffff","alpha":"1","rgba":"rgba(255,255,255,1)"},"button_primary_font_size":"16px","button_primary_border_style":"solid","button_primary_border_color":"#222222","button_primary_border_color_hover":"#00accb","button_primary_border_width":"1px 1px 1px 1px","button_primary_border_top":"1","button_primary_border_right":"1","button_primary_border_bottom":"1","button_primary_border_left":"1","button_primary_border_radius":"0px","button_primary_text_color":"#222222","button_primary_text_color_hover":"#ffffff","button_primary_background_color":{"color":"#ffffff","alpha":"0.00","rgba":"rgba(255,255,255,0)"},"button_primary_background_color_hover":{"color":"#00accb","alpha":"1.00","rgba":"rgba(0,172,203,1)"},"page_title_bar_align":"left","title_bar_length":"20","title_bar_size":"28px","page_title_color":"#222222","page_subtitle_color":"#222222","page_title_border_color":"#f1f1f1","page_title_border_top":"","page_title_border_bottom":"","background-page-title":{"background-color":"#f5f5f5","background-repeat":"","background-size":"","background-attachment":"","background-position":"","background-image":"","media":{"id":"","height":"","width":"","thumbnail":""}},"page_title_bg_parallax":"1","page_title_padding":"60px 0","page_title_margin":"0 0 80px 0","breadcrumb_show":"1","breadcrumb_mobile":"1","breadcrumb_text_align":"right","breacrumb_home_prefix":"Home","breadcrumbs_text_color":"#222222","breadcrumbs_item_padding":"0 10px 0 0","breadcrumbs_separator":"|","primary_color":"#01abce","primary_color_minimal":"#01abce","secondary_color":"#9ddd7c","form_bg_color":"transparent","form_text_color":"#888888","form_field_bg_color":"#f5f5f5","form_field_bg_color_hover":"#ffffff","form_border_style":"solid","form_border_width":"1px","form_border_color":"#e9e9e9","form_border_color_hover":"#e9e9e9","form_shadow":"","form_shadow_hover":"","form_border_radius":"","content_bg_color":"","bg_content_image":{"url":"","id":"","height":"","width":"","thumbnail":""},"bg_content_full":"1","bg_content_repeat":"repeat","main_content_padding":"","main_content_margin_top":"","main_content_margin_bottom":"","link_color":"#13151c","link_color_hover":"#01abce","typography_0":{"font-family":"Lato","font-options":"","google":"1","font-backup":"","font-weight":"300","font-style":"","subsets":"","text-align":"","font-size":"15px","line-height":"30px","color":"#13151c"},"typography_2":{"font-family":"Lato","font-options":"","google":"1","font-backup":"","font-weight":"300","font-style":"","subsets":"","text-align":"","font-size":"","line-height":"","color":""},"typography_selector_2":".btn, .agency1 .counter_text","typography_h1":{"font-family":"Lato","font-options":"","google":"1","font-backup":"","font-weight":"900","font-style":"","subsets":"","text-align":"","font-size":"50px","line-height":"50px","color":"#13151c"},"typography_h2":{"font-family":"Lato","font-options":"","google":"1","font-backup":"","font-weight":"700","font-style":"","subsets":"","text-align":"","font-size":"44px","line-height":"56px","color":"#13151c"},"typography_h3":{"font-family":"Lato","font-options":"","google":"1","font-backup":"","font-weight":"300","font-style":"","subsets":"latin","text-align":"","font-size":"22px","line-height":"36px","color":"#13151c"},"typography_h4":{"font-family":"Lato","font-options":"","google":"1","font-backup":"","font-weight":"700","font-style":"","subsets":"","text-align":"","font-size":"20px","line-height":"32px","color":"#222222"},"typography_h5":{"font-family":"Lato","font-options":"","google":"1","font-backup":"","font-weight":"700","font-style":"","subsets":"","text-align":"","font-size":"18px","line-height":"28px","color":"#222222"},"typography_h6":{"font-family":"Open Sans","font-options":"","google":"1","font-backup":"","font-weight":"600","font-style":"","subsets":"","text-align":"","font-size":"12px","line-height":"16px","color":"#222222"},"typography_3":{"font-family":"Lato","font-options":"","google":"1","font-backup":"","font-weight":"400","font-style":"","subsets":"","text-align":"","font-size":"16px","line-height":"18px","color":""},"typography_selector_3":"#cs-page-title-wrapper .title_bar, #cs-page-title-wrapper .title_bar .sub_header_text","typography_4":{"font-family":"Lato","font-options":"","google":"1","font-backup":"","font-weight":"700","font-style":"","subsets":"","text-align":"","font-size":"","line-height":"","color":""},"typography_selector_4":".tagcloud a","typography_5":{"font-family":"Merriweather","font-options":"","google":"1","font-backup":"","font-weight":"300","font-style":"","subsets":"","text-align":"","font-size":"15px","line-height":"30px","color":"#96989b"},"typography_selector_5":".agency1 p, .agency1 .cshero-fancybox-padding .content, .agency1 div.cshero-fancybox-content > div, .agency1 .list li, agency1 .cshero-testimonial-text, agency1-light .cshero-testimonial-text, .light-lists","typography_6":{"font-family":"","font-options":"","google":"1","font-backup":"","font-weight":"","font-style":"","subsets":"","text-align":"","font-size":"","line-height":"","color":""},"typography_selector_6":"","typography_7":{"font-family":"","font-options":"","google":"1","font-backup":"","font-weight":"","font-style":"","subsets":"","text-align":"","font-size":"","line-height":"","color":""},"typography_selector_7":"","typography_8":{"font-family":"","font-options":"","google":"1","font-backup":"","font-weight":"","font-style":"","subsets":"","text-align":"","font-size":"","line-height":"","color":""},"typography_selector_8":"","typography_9":{"font-family":"","font-options":"","google":"1","font-backup":"","font-weight":"","font-style":"","subsets":"","text-align":"","font-size":"","line-height":"","color":""},"typography_selector_9":"","typography_10":{"font-family":"","font-options":"","google":"1","font-backup":"","font-weight":"","font-style":"","subsets":"","text-align":"","font-size":"","line-height":"","color":""},"typography_selector_10":"","typography_local_1":"","typography_local_selector_1":"","typography_local_2":"","typography_local_selector_2":"","typography_local_3":"","typography_local_selector_3":"","blog_layout":"right-fixed","blog_title_heading":"h2","blog_full_content":"1","introtext_length":"60","search_heading":"","search_page_title":"1","search_page_title_animation":"","search_breadcrumbs":"","search_view":"Excerpt","archive_heading":"","archive_page_title":"1","archive_page_title_animation":"","archive_breadcrumbs":"","archive_posts_title":"1","show_full_content":"","archive_date_format":"F dS ,Y","archive_post":"base","post_page_title":"1","post_page_title_color":"#ffffff","post_page_subtitle_color":"#ffffff","post_page_title_animation":"1","post_breadcrumbs":"1","post_breadcrumbs_color":"#ffffff","show_post_title":"0","show_post_thumbnail":"0","show_comments_post":"1","show_tags_post":"1","show_social_post":"1","show_navigation_post":"1","post_layout":"right-fixed","post_style":"base","post_featured_images":"1","post_date_format":"m.d.Y","page_heading":"","page_page_title":"1","page_page_title_animation":"","page_breadcrumbs":"1","show_comments_page":"0","page_layout":"full-fixed","page_featured_images":"1","disnable_page_title_team":"1","team_breadcrumb":"1","page_title_upper_team":"1","disnable_page_title_portfolio":"1","page_title_upper_portfolio":"0","pt_testimonial_images_width":"100px","pt_testimonial_images_height":"100px","pt_testimonial_desciption_fontsize":"16px","woo_breadcrumbs_color_hover":"","use_font_awesome":"1","use_font_ionicons":"1","404_heading":"","404_page_title":"1","404_page_title_animation":"","404_breadcrumbs":"1","404_type":"Default","404_image":{"url":"http:\/\/demo.cmssuperheroes.com\/Wordpress\/wp-spectrum\/wp-content\/themes\/wp_spectrum\/images\/404\/spman.jpg","id":"","height":"","width":"","thumbnail":""},"404_page_id":"","custom_css":"#wpcf7-f1465-p16421-o1 label {color:#fff;}\r\n\r\n.agency1letterspace, .agency1letterspace .cshero-title-main {letter-spacing:5px;}\r\n\r\n.agency1 .portfolio-layout1 .cshero-portfolio-content-wrapper {\r\n  background: rgba(19, 21, 28, 0.9);\r\n}\r\n\r\n.agency1 .magazine_posts-layout1 .magazine-post-featured p, .agency1 .magazine_posts-layout1 h3 a, .agency1-light .magazine_posts-layout1 .magazine-post-featured {color:#fff !important;}\r\n\r\n.agency1 .magazine_posts-layout1 .magazine-post-lists .cs-blog-content {border-bottom:#36383f;}\r\n\r\n.agency1-light .magazine_posts-layout1 .post-list-item h3 a {color:#13151c !important;}","redux-backup":"1"}