
[{"wp_inactive_widgets":["cs-tweets-widget-2","cs-tweets-widget-3","recent-posts-v1-2","recent-posts-v1-3","recent-posts-v1-4","cs_social_widget-2","cs_social_widget-3","text-3","text-4","recent-posts-2","search-3"],"cshero-blog-sidebar":["recent-comments-2","categories-2","tag_cloud-2","archives-3","calendar-2"],"cshero-widget-left":["categories-4"],"cshero-widget-right":["recent-comments-3","categories-3","tag_cloud-3","archives-4","calendar-3","cs_instagram_widget-3"],"cshero-widget-hidden-menu":["cs-tweets-widget-5","cs_instagram_widget-4","ft_flickr_widget-2"],"cshero-header-top-widget-2":["text-8"],"cshero-header-content-widget-1":["search-4"],"cshero-footer-widget-1":["text-6"],"cshero-footer-widget-2":["cs_instagram_widget-2"],"cshero-footer-widget-3":["tag_cloud-4"],"cshero-footer-widget-4":["text-7"],"cshero-slidingbar-bottom-widget-1":["text-5"],"cshero-slidingbar-bottom-widget-2":["cs_social_widget-4"]},{"recent-comments":{"2":{"title":"","number":5},"3":{"title":"","number":4},"_multiwidget":1},"categories":{"2":{"title":"","count":0,"hierarchical":0,"dropdown":0},"4":{"title":"","count":0,"hierarchical":0,"dropdown":0},"3":{"title":"","count":0,"hierarchical":0,"dropdown":0},"_multiwidget":1},"tag_cloud":{"2":{"title":"","taxonomy":"post_tag"},"3":{"title":"","taxonomy":"post_tag"},"4":{"title":"TAGS","taxonomy":"post_tag"},"_multiwidget":1},"archives":{"3":{"title":"","count":0,"dropdown":0},"4":{"title":"","count":0,"dropdown":0},"_multiwidget":1},"calendar":{"2":{"title":"CALENDAR"},"3":{"title":"CALENDAR"},"_multiwidget":1},"cs_instagram_widget":{"3":{"title":"Instagram","username":"darrenseamark","api":"d0626dcdff3d4f5ca6b12c5da836b35c","number":"4","columns":"2","size":"large","target":"_self","link":"","extra_class":""},"4":{"title":"Instagram","username":"darrenseamark","api":"d0626dcdff3d4f5ca6b12c5da836b35c","number":"6","columns":"3","size":"large","target":"_self","link":"","extra_class":""},"2":{"title":"Instagram","username":"darrenseamark","number":"6","columns":"2","size":"large","target":"_self","link":"","extra_class":"","api":"d0626dcdff3d4f5ca6b12c5da836b35c"},"_multiwidget":1},"cs-tweets-widget":{"5":{"title":"Recent Tweets","consumer_key":"qBQQF5Cmantse0ptg413Mw","consumer_secret":"BS9qgCk4BD7bvDWIwLCoD0FYoDiQkX7VPDBz1pBN9IA","access_token":"123293200-Y2CxwzKN5SgjfnnAplH6nD4ETtUNluJdvJ3YD6Xy","access_token_secret":"EgVTFys3agS8HKJ5RyYggNVFDo0XR6wbfNAnG9LX3igyb","twitter_id":"realjoomlaman","show_date":"no","count":"1"},"2":{"title":"Recent Tweets","consumer_key":"qBQQF5Cmantse0ptg413Mw","consumer_secret":"BS9qgCk4BD7bvDWIwLCoD0FYoDiQkX7VPDBz1pBN9IA","access_token":"123293200-Y2CxwzKN5SgjfnnAplH6nD4ETtUNluJdvJ3YD6Xy","access_token_secret":"EgVTFys3agS8HKJ5RyYggNVFDo0XR6wbfNAnG9LX3igyb","twitter_id":"realjoomlaman","show_date":"yes","count":"3"},"3":{"title":"Recent Tweets","consumer_key":"","consumer_secret":"","access_token":"","access_token_secret":"","twitter_id":"","show_date":"no","count":"3"},"_multiwidget":1},"ft_flickr_widget":{"2":{"title":"Flickr Photos","flickr_id":"132723314@N07","description":"","number":"9","stream_url":""},"_multiwidget":1},"text":{"8":{"title":"","text":"<div class=\"text-right\" style=\"font-size: 14px;color: #838d8b;font-weight: 700;margin-top: 8px;\">CALL US FREE: +44 2365 385903<\/div>","filter":false},"6":{"title":"","text":"<img class=\"show\" src=\"http:\/\/demo.cmssuperheroes.com\/themeforest\/exo-theme\/wp-content\/uploads\/2015\/06\/logo-footer-large.png\" atl=\"\" \/>\r\n<img class=\"hide\" src=\"http:\/\/demo.cmssuperheroes.com\/themeforest\/exo-theme\/wp-content\/uploads\/2015\/06\/logo-footer-black-large.png\" atl=\"\" \/>\r\n<p style=\"margin-top: 20px;\">No one rejects, dislikes, or avoids pleasure itself, because it is pleasure, but because those who do not know how to pursue pleasure rationally encounter consequences that are extremely painful...<\/p>\r\n<a style=\"margin: 20px 0 0;\" class=\"btn btn-defautl btn-sm btn-custom-color\">PURCHASE<\/a>","filter":false},"7":{"title":"CONTACT US","text":"<span class=\"subtitle\">London Office<\/span>\r\n365 Main Road, London, E17<br\/>\r\nUnited Kingdon<br\/>\r\n44 20 362 4686\r\n<span class=\"line-footer\"><\/span>\r\n<span class=\"subtitle\">New York Office<\/span>\r\n365 Main Street, Upper West Side<br\/>\r\nNew York, United States<br\/>\r\n44 20 362 4686\r\n<span class=\"line-footer\"><\/span>\r\n<span class=\"subtitle\">Email<\/span>\r\nexotheme@gmail.com<br \/>\r\nexothemesupport@gmail.com","filter":false},"5":{"title":"","text":"\u00a9 Copyright 2015 ExoTheme | All Rights Reserved","filter":false},"3":{"title":"","text":"<img style=\"margin-bottom: 10px;\" src=\"http:\/\/demo.cmssuperheroes.com\/Wordpress\/wp-spectrum\/wp-content\/uploads\/2015\/02\/whitelogo.png\" alt=\"\">\r\n<p>Sed ut perspiciatis unde omnis iste natus error sit voluptatem accusantium doloremque laudantium, totam rem aperiam, eaque ipsa quae ab illo inventore veritatis et quasi architecto beatae vitae dicta sunt explicabo.<\/p>","filter":false},"4":{"title":"Get In Touch","text":"<ul class=\"unstyled gettouch\">\r\n<li><i class=\"fa fa-home \" style=\"\"><\/i> 1 Made Ave, London<br> United Kingdom, L10 9BB<\/li>\r\n<li><i class=\"fa fa-phone \" style=\"\"><\/i> 0861 000 000<\/li>\r\n<li><i class=\"fa fa-envelope \" style=\"\"><\/i> hello@me.com<\/li>\r\n<\/ul>","filter":false},"_multiwidget":1},"search":{"4":{"title":""},"3":{"title":""},"_multiwidget":1},"cs_social_widget":{"4":{"title":"","style":"default","align":"text-right","icon_facebook":"","link_facebook":"#","icon_rss":"","link_rss":"#","icon_youtube":"","link_youtube":"#","icon_twitter":"","link_twitter":"#","icon_google":"","link_google":"#","icon_skype":"","link_skype":"#","icon_yahoo":"","link_yahoo":"#","icon_dribbble":"","link_dribbble":"#","icon_flickr":"","link_flickr":"#","icon_linkedin":"","link_linkedin":"","icon_vimeo":"","link_vimeo":"","icon_pinterest":"","link_pinterest":"","icon_github":"","link_github":"","icon_instagram":"","link_instagram":"","extra_class":""},"2":{"title":"","style":"default","align":"text-left","icon_facebook":"","link_facebook":"#","icon_rss":"","link_rss":"","icon_youtube":"","link_youtube":"","icon_twitter":"","link_twitter":"#","icon_google":"","link_google":"","icon_skype":"","link_skype":"#","icon_yahoo":"","link_yahoo":"","icon_dribbble":"","link_dribbble":"#","icon_flickr":"","link_flickr":"","icon_linkedin":"","link_linkedin":"","icon_vimeo":"","link_vimeo":"","icon_pinterest":"","link_pinterest":"","icon_github":"","link_github":"","icon_instagram":"","link_instagram":"","extra_class":""},"3":{"title":"Get Social","style":"default","align":"text-left","icon_facebook":"ion-social-facebook","link_facebook":"#","icon_rss":"ion-social-rss","link_rss":"#","icon_youtube":"","link_youtube":"","icon_twitter":"ion-social-twitter","link_twitter":"#","icon_google":"ion-social-googleplus","link_google":"#","icon_skype":"","link_skype":"","icon_yahoo":"","link_yahoo":"","icon_dribbble":"","link_dribbble":"","icon_flickr":"","link_flickr":"","icon_linkedin":"ion-social-linkedin","link_linkedin":"#","icon_vimeo":"","link_vimeo":"","icon_pinterest":"ion-social-pinterest","link_pinterest":"#","icon_github":"","link_github":"","icon_instagram":"ion-social-instagram","link_instagram":"#","extra_class":""},"_multiwidget":1},"recent-posts-v1":{"2":{"title":"Recent Posts","number":4,"show_date":true},"3":{"title":"Recent Posts","number":4,"show_date":true},"4":{"title":"Recent Posts","number":4,"show_date":true},"_multiwidget":1},"recent-posts":{"2":{"title":"Latest From The Blog","number":4,"show_date":true},"_multiwidget":1}}]