[{"footer-area-1":["text-2"]},{"text":{"2":{"title":"","text":"<div style=\"text-align: center;\">\r\n[image src=\"http:\/\/themes.muffingroup.com\/be\/retouch\/wp-content\/uploads\/2016\/01\/home_retouch_logo_footer.png\" border=\"0\"]\r\n[divider height=\"20\"]\r\n<p style=\"margin: 0 15%;\">Vivamus ut velit placerat; convallis diam eu, viverra justo. Nulla nisl neque, feugiat quis risus et; bibendum aliquam ligula. Vestibulum consectetur consectetur magna; eget tincidunt diam. Aenean tempor et diam sit amet pulvinar.<\/p>\r\n<\/div>","filter":false},"_multiwidget":1}}]